probe_id,molecule_id,pid,qcovhsp,length,mismatch,gapopen,probe_start,probe_end,molecule_start,molecule_end,evalue,bitscore,staxids,qseq,sseq,mch,superkingdom,phylum,class,order,family,genus,species,strain
3684,VI_assembly,100.0,35,8,0,0,9,16,929,922,2.5,16.4,0,AAGAGTAG,AAGAGTAG,8.0,2,1224,1236,135623,641,662,666,666
3684,ST_assembly,100.0,35,8,0,0,16,23,1274,1267,2.5,16.4,0,GATTCCGA,GATTCCGA,8.0,2,1224,1236,72274,468,469,108981,108981
3684,LP_assembly,100.0,35,8,0,0,16,23,1306,1299,2.5,16.4,0,GATTCCGA,GATTCCGA,8.0,2,1239,91061,186826,33958,2767842,1590,1590
3684,EC_assembly,100.0,35,8,0,0,16,23,1281,1274,2.5,16.4,0,GATTCCGA,GATTCCGA,8.0,2,1224,1236,91347,543,561,564,564
3684,CO_assembly,100.0,35,8,0,0,16,23,1271,1264,2.5,16.4,0,GATTCCGA,GATTCCGA,8.0,2,1224,28216,80840,80864,283,285,285
3684,AT_assembly,100.0,35,8,0,0,14,21,53,46,2.5,16.4,0,TAGATTCC,TAGATTCC,8.0,2,1224,28211,204441,433,434,104102,104102
3684,LB_assembly,100.0,30,7,0,0,15,21,331,325,10.0,14.4,0,AGATTCC,AGATTCC,7.0,2,1239,91061,186826,33958,2767886,1580,1580
3684,EN_assembly,100.0,30,7,0,0,15,21,318,312,10.0,14.4,0,AGATTCC,AGATTCC,7.0,2,1239,91061,186826,81852,1350,1353,1353
3684,CG_assembly,100.0,30,7,0,0,1,7,344,338,10.0,14.4,0,CCCCACG,CCCCACG,7.0,2,201174,1760,85007,1653,1716,1718,1718
3684,AP_assembly,100.0,30,7,0,0,17,23,444,438,10.0,14.4,0,ATTCCGA,ATTCCGA,7.0,2,1224,28211,204441,433,434,438,438
587,LP_assembly,100.0,37,7,0,0,12,18,177,171,7.9,14.4,0,CGAAGCC,CGAAGCC,7.0,2,1239,91061,186826,33958,2767842,1590,1590
587,LB_assembly,100.0,37,7,0,0,1,7,22,16,7.9,14.4,0,ATTCAAC,ATTCAAC,7.0,2,1239,91061,186826,33958,2767886,1580,1580
587,EN_assembly,100.0,37,7,0,0,2,8,861,855,7.9,14.4,0,TTCAACC,TTCAACC,7.0,2,1239,91061,186826,81852,1350,1353,1353
587,CO_assembly,100.0,37,7,0,0,2,8,837,831,7.9,14.4,0,TTCAACC,TTCAACC,7.0,2,1224,28216,80840,80864,283,285,285
587,CG_assembly,100.0,37,7,0,0,13,19,1144,1138,7.9,14.4,0,GAAGCCC,GAAGCCC,7.0,2,201174,1760,85007,1653,1716,1718,1718
587,AT_assembly,100.0,37,7,0,0,2,8,790,784,7.9,14.4,0,TTCAACC,TTCAACC,7.0,2,1224,28211,204441,433,434,104102,104102
587,AP_assembly,100.0,37,7,0,0,2,8,791,785,7.9,14.4,0,TTCAACC,TTCAACC,7.0,2,1224,28211,204441,433,434,438,438
4185,ST_assembly,100.0,39,9,0,0,8,16,400,392,0.64,18.3,0,GGTATTAAC,GGTATTAAC,9.0,2,1224,1236,72274,468,469,108981,108981
4185,EC_assembly,100.0,39,9,0,0,8,16,409,401,0.64,18.3,0,GGTATTAAC,GGTATTAAC,9.0,2,1224,1236,91347,543,561,564,564
4185,VI_assembly,100.0,30,7,0,0,8,14,113,107,10.0,14.4,0,GGTATTA,GGTATTA,7.0,2,1224,1236,135623,641,662,666,666
4185,LP_assembly,100.0,30,7,0,0,8,14,131,125,10.0,14.4,0,GGTATTA,GGTATTA,7.0,2,1239,91061,186826,33958,2767842,1590,1590
4185,LB_assembly,100.0,30,7,0,0,8,14,131,125,10.0,14.4,0,GGTATTA,GGTATTA,7.0,2,1239,91061,186826,33958,2767886,1580,1580
4185,EN_assembly,100.0,30,7,0,0,8,14,120,114,10.0,14.4,0,GGTATTA,GGTATTA,7.0,2,1239,91061,186826,81852,1350,1353,1353
4185,CO_assembly,100.0,30,7,0,0,8,14,106,100,10.0,14.4,0,GGTATTA,GGTATTA,7.0,2,1224,28216,80840,80864,283,285,285
4185,CG_assembly,100.0,30,7,0,0,8,14,111,105,10.0,14.4,0,GGTATTA,GGTATTA,7.0,2,201174,1760,85007,1653,1716,1718,1718
4185,AT_assembly,100.0,30,7,0,0,8,14,95,89,10.0,14.4,0,GGTATTA,GGTATTA,7.0,2,1224,28211,204441,433,434,104102,104102
4185,AP_assembly,100.0,30,7,0,0,8,14,96,90,10.0,14.4,0,GGTATTA,GGTATTA,7.0,2,1224,28211,204441,433,434,438,438
3667,CG_assembly,100.0,43,10,0,0,12,21,506,497,0.16,20.3,0,ACCACCTACG,ACCACCTACG,10.0,2,201174,1760,85007,1653,1716,1718,1718
3667,VI_assembly,100.0,39,9,0,0,5,13,896,888,0.64,18.3,0,TTAAACCAC,TTAAACCAC,9.0,2,1224,1236,135623,641,662,666,666
3667,ST_assembly,100.0,39,9,0,0,5,13,890,882,0.64,18.3,0,TTAAACCAC,TTAAACCAC,9.0,2,1224,1236,72274,468,469,108981,108981
3667,LP_assembly,100.0,39,9,0,0,13,21,508,500,0.64,18.3,0,CCACCTACG,CCACCTACG,9.0,2,1239,91061,186826,33958,2767842,1590,1590
3667,LB_assembly,100.0,39,9,0,0,13,21,508,500,0.64,18.3,0,CCACCTACG,CCACCTACG,9.0,2,1239,91061,186826,33958,2767886,1580,1580
3667,EN_assembly,100.0,39,9,0,0,13,21,496,488,0.64,18.3,0,CCACCTACG,CCACCTACG,9.0,2,1239,91061,186826,81852,1350,1353,1353
3667,EC_assembly,100.0,39,9,0,0,5,13,898,890,0.64,18.3,0,TTAAACCAC,TTAAACCAC,9.0,2,1224,1236,91347,543,561,564,564
3667,CO_assembly,100.0,39,9,0,0,5,13,888,880,0.64,18.3,0,TTAAACCAC,TTAAACCAC,9.0,2,1224,28216,80840,80864,283,285,285
3667,AT_assembly,100.0,39,9,0,0,5,13,841,833,0.64,18.3,0,TTAAACCAC,TTAAACCAC,9.0,2,1224,28211,204441,433,434,104102,104102
3667,AP_assembly,100.0,39,9,0,0,5,13,842,834,0.64,18.3,0,TTAAACCAC,TTAAACCAC,9.0,2,1224,28211,204441,433,434,438,438
3327,ST_assembly,100.0,36,8,0,0,7,14,577,570,2.4,16.4,0,CCAGTATC,CCAGTATC,8.0,2,1224,1236,72274,468,469,108981,108981
3327,EC_assembly,100.0,36,8,0,0,7,14,585,578,2.4,16.4,0,CCAGTATC,CCAGTATC,8.0,2,1224,1236,91347,543,561,564,564
3327,CG_assembly,100.0,36,8,0,0,4,11,104,97,2.4,16.4,0,GACCCAGT,GACCCAGT,8.0,2,201174,1760,85007,1653,1716,1718,1718
3327,VI_assembly,100.0,32,7,0,0,14,20,297,291,9.3,14.4,0,CCACTGC,CCACTGC,7.0,2,1224,1236,135623,641,662,666,666
3327,LP_assembly,100.0,32,7,0,0,13,19,639,633,9.3,14.4,0,TCCACTG,TCCACTG,7.0,2,1239,91061,186826,33958,2767842,1590,1590
3327,LB_assembly,100.0,32,7,0,0,13,19,640,634,9.3,14.4,0,TCCACTG,TCCACTG,7.0,2,1239,91061,186826,33958,2767886,1580,1580
3327,CO_assembly,100.0,32,7,0,0,14,20,290,284,9.3,14.4,0,CCACTGC,CCACTGC,7.0,2,1224,28216,80840,80864,283,285,285
3327,AT_assembly,100.0,32,7,0,0,14,20,267,261,9.3,14.4,0,CCACTGC,CCACTGC,7.0,2,1224,28211,204441,433,434,104102,104102
3327,AP_assembly,100.0,32,7,0,0,14,20,268,262,9.3,14.4,0,CCACTGC,CCACTGC,7.0,2,1224,28211,204441,433,434,438,438
223,EN_assembly,100.0,45,9,0,0,9,17,670,662,0.55,18.3,0,TGTTCCTCC,TGTTCCTCC,9.0,2,1239,91061,186826,81852,1350,1353,1353
223,CO_assembly,100.0,45,9,0,0,9,17,648,640,0.55,18.3,0,TGTTCCTCC,TGTTCCTCC,9.0,2,1224,28216,80840,80864,283,285,285
223,CG_assembly,100.0,45,9,0,0,9,17,636,628,0.55,18.3,0,TGTTCCTCC,TGTTCCTCC,9.0,2,201174,1760,85007,1653,1716,1718,1718
223,VI_assembly,100.0,40,8,0,0,11,18,389,382,2.2,16.4,0,TTCCTCCC,TTCCTCCC,8.0,2,1224,1236,135623,641,662,666,666
223,EC_assembly,100.0,40,8,0,0,11,18,391,384,2.2,16.4,0,TTCCTCCC,TTCCTCCC,8.0,2,1224,1236,91347,543,561,564,564
223,ST_assembly,100.0,35,7,0,0,13,19,281,275,8.6,14.4,0,CCTCCCG,CCTCCCG,7.0,2,1224,1236,72274,468,469,108981,108981
223,LP_assembly,100.0,35,7,0,0,13,19,315,309,8.6,14.4,0,CCTCCCG,CCTCCCG,7.0,2,1239,91061,186826,33958,2767842,1590,1590
223,LB_assembly,100.0,35,7,0,0,13,19,315,309,8.6,14.4,0,CCTCCCG,CCTCCCG,7.0,2,1239,91061,186826,33958,2767886,1580,1580
223,AT_assembly,100.0,35,7,0,0,13,19,258,252,8.6,14.4,0,CCTCCCG,CCTCCCG,7.0,2,1224,28211,204441,433,434,104102,104102
223,AP_assembly,100.0,35,7,0,0,13,19,259,253,8.6,14.4,0,CCTCCCG,CCTCCCG,7.0,2,1224,28211,204441,433,434,438,438
445,CG_assembly,100.0,38,8,0,0,9,16,410,403,2.2,16.4,0,TCCAGGTA,TCCAGGTA,8.0,2,201174,1760,85007,1653,1716,1718,1718
445,VI_assembly,100.0,33,7,0,0,8,14,681,675,8.6,14.4,0,GTCCAGG,GTCCAGG,7.0,2,1224,1236,135623,641,662,666,666
445,ST_assembly,100.0,33,7,0,0,10,16,919,913,8.6,14.4,0,CCAGGTA,CCAGGTA,7.0,2,1224,1236,72274,468,469,108981,108981
445,LP_assembly,100.0,33,7,0,0,9,15,115,109,8.6,14.4,0,TCCAGGT,TCCAGGT,7.0,2,1239,91061,186826,33958,2767842,1590,1590
445,EC_assembly,100.0,33,7,0,0,8,14,683,677,8.6,14.4,0,GTCCAGG,GTCCAGG,7.0,2,1224,1236,91347,543,561,564,564
283,VI_assembly,100.0,40,8,0,0,12,19,484,477,2.2,16.4,0,TTGCACCC,TTGCACCC,8.0,2,1224,1236,135623,641,662,666,666
283,EC_assembly,100.0,40,8,0,0,12,19,486,479,2.2,16.4,0,TTGCACCC,TTGCACCC,8.0,2,1224,1236,91347,543,561,564,564
283,CO_assembly,100.0,40,8,0,0,12,19,477,470,2.2,16.4,0,TTGCACCC,TTGCACCC,8.0,2,1224,28216,80840,80864,283,285,285
1803,EC_assembly,100.0,40,8,0,0,10,17,523,516,2.2,16.4,0,CTGCGTGC,CTGCGTGC,8.0,2,1224,1236,91347,543,561,564,564
1803,LP_assembly,100.0,35,7,0,0,1,7,932,926,8.6,14.4,0,GCTTCGA,GCTTCGA,7.0,2,1239,91061,186826,33958,2767842,1590,1590
1803,LB_assembly,100.0,35,7,0,0,1,7,933,927,8.6,14.4,0,GCTTCGA,GCTTCGA,7.0,2,1239,91061,186826,33958,2767886,1580,1580
1803,EN_assembly,100.0,35,7,0,0,1,7,920,914,8.6,14.4,0,GCTTCGA,GCTTCGA,7.0,2,1239,91061,186826,81852,1350,1353,1353
1803,AT_assembly,100.0,35,7,0,0,1,7,849,843,8.6,14.4,0,GCTTCGA,GCTTCGA,7.0,2,1224,28211,204441,433,434,104102,104102
1803,AP_assembly,100.0,35,7,0,0,1,7,850,844,8.6,14.4,0,GCTTCGA,GCTTCGA,7.0,2,1224,28211,204441,433,434,438,438
388,VI_assembly,100.0,43,9,0,0,5,13,1194,1186,0.55,18.3,0,GCCCTCTGT,GCCCTCTGT,9.0,2,1224,1236,135623,641,662,666,666
388,ST_assembly,100.0,38,8,0,0,6,13,473,466,2.2,16.4,0,CCCTCTGT,CCCTCTGT,8.0,2,1224,1236,72274,468,469,108981,108981
388,LB_assembly,100.0,38,8,0,0,9,16,1006,999,2.2,16.4,0,TCTGTCCC,TCTGTCCC,8.0,2,1239,91061,186826,33958,2767886,1580,1580
388,LP_assembly,100.0,33,7,0,0,13,19,327,321,8.6,14.4,0,TCCCTAC,TCCCTAC,7.0,2,1239,91061,186826,33958,2767842,1590,1590
388,EN_assembly,100.0,33,7,0,0,13,19,314,308,8.6,14.4,0,TCCCTAC,TCCCTAC,7.0,2,1239,91061,186826,81852,1350,1353,1353
388,CO_assembly,100.0,33,7,0,0,6,12,598,592,8.6,14.4,0,CCCTCTG,CCCTCTG,7.0,2,1224,28216,80840,80864,283,285,285
388,CG_assembly,100.0,33,7,0,0,12,18,384,378,8.6,14.4,0,GTCCCTA,GTCCCTA,7.0,2,201174,1760,85007,1653,1716,1718,1718
388,AP_assembly,100.0,33,7,0,0,1,7,891,885,8.6,14.4,0,TGCAGCC,TGCAGCC,7.0,2,1224,28211,204441,433,434,438,438
428,VI_assembly,100.0,33,7,0,0,10,16,323,317,8.6,14.4,0,GGCTTGC,GGCTTGC,7.0,2,1224,1236,135623,641,662,666,666
428,ST_assembly,100.0,33,7,0,0,10,16,316,310,8.6,14.4,0,GGCTTGC,GGCTTGC,7.0,2,1224,1236,72274,468,469,108981,108981
428,LP_assembly,100.0,33,7,0,0,11,17,513,507,8.6,14.4,0,GCTTGCC,GCTTGCC,7.0,2,1239,91061,186826,33958,2767842,1590,1590
428,LB_assembly,100.0,33,7,0,0,11,17,513,507,8.6,14.4,0,GCTTGCC,GCTTGCC,7.0,2,1239,91061,186826,33958,2767886,1580,1580
428,EN_assembly,100.0,33,7,0,0,11,17,501,495,8.6,14.4,0,GCTTGCC,GCTTGCC,7.0,2,1239,91061,186826,81852,1350,1353,1353
428,EC_assembly,100.0,33,7,0,0,10,16,325,319,8.6,14.4,0,GGCTTGC,GGCTTGC,7.0,2,1224,1236,91347,543,561,564,564
428,CO_assembly,100.0,33,7,0,0,4,10,668,662,8.6,14.4,0,GGGATTG,GGGATTG,7.0,2,1224,28216,80840,80864,283,285,285
428,CG_assembly,100.0,33,7,0,0,10,16,321,315,8.6,14.4,0,GGCTTGC,GGCTTGC,7.0,2,201174,1760,85007,1653,1716,1718,1718
